{
  "title": "180626930328797018?account_id=1",
  "description": "",
  "url": "https://lh3.googleusercontent.com/-y_YKAnO-Ig4/WlV2qSE69tI/AAAAAAAAABQ/-SAY1sVGk6YMBIpVDL2pLYwIn9yxjV6BACLABGAYYCw/s0-d/180626930328797018%253Faccount_id%253D1",
  "imageViews": "0",
  "creationTime": {
    "timestamp": "1515550376",
    "formatted": "Jan 10, 2018, 2:12:56 AM UTC"
  },
  "modificationTime": {
    "timestamp": "1515669881",
    "formatted": "Jan 11, 2018, 11:24:41 AM UTC"
  },
  "geoData": {
    "latitude": 0.0,
    "longitude": 0.0,
    "altitude": 0.0,
    "latitudeSpan": 0.0,
    "longitudeSpan": 0.0
  },
  "geoDataExif": {
    "latitude": 0.0,
    "longitude": 0.0,
    "altitude": 0.0,
    "latitudeSpan": 0.0,
    "longitudeSpan": 0.0
  }
}