{
  "title": "2157386224957055780?account_id=1",
  "description": "",
  "url": "https://lh3.googleusercontent.com/-U1b2sIEw5PU/WlV0KGPIvvI/AAAAAAAAAAo/pAJpQVz5NoseO1HXzyk8BlduU14h7vgHACLABGAYYCw/s0-d/2157386224957055780%253Faccount_id%253D1",
  "imageViews": "0",
  "creationTime": {
    "timestamp": "1515549736",
    "formatted": "Jan 10, 2018, 2:02:16 AM UTC"
  },
  "modificationTime": {
    "timestamp": "1515669881",
    "formatted": "Jan 11, 2018, 11:24:41 AM UTC"
  },
  "geoData": {
    "latitude": 0.0,
    "longitude": 0.0,
    "altitude": 0.0,
    "latitudeSpan": 0.0,
    "longitudeSpan": 0.0
  },
  "geoDataExif": {
    "latitude": 0.0,
    "longitude": 0.0,
    "altitude": 0.0,
    "latitudeSpan": 0.0,
    "longitudeSpan": 0.0
  }
}