{
  "title": "8304528378499943112?account_id=1",
  "description": "",
  "url": "https://lh3.googleusercontent.com/-VvBWU3Q3Xzo/WlV2rMwHuGI/AAAAAAAAABQ/r6BhtVEiMBQh9KUYJJ49ZLYWvmhJsC32QCLABGAYYCw/s0-d/8304528378499943112%253Faccount_id%253D1",
  "imageViews": "0",
  "creationTime": {
    "timestamp": "1515550380",
    "formatted": "Jan 10, 2018, 2:13:00 AM UTC"
  },
  "modificationTime": {
    "timestamp": "1515669881",
    "formatted": "Jan 11, 2018, 11:24:41 AM UTC"
  },
  "geoData": {
    "latitude": 0.0,
    "longitude": 0.0,
    "altitude": 0.0,
    "latitudeSpan": 0.0,
    "longitudeSpan": 0.0
  },
  "geoDataExif": {
    "latitude": 0.0,
    "longitude": 0.0,
    "altitude": 0.0,
    "latitudeSpan": 0.0,
    "longitudeSpan": 0.0
  }
}