{
  "title": "848741044932666937?account_id=1",
  "description": "",
  "url": "https://lh3.googleusercontent.com/-vYSQX17I1tE/WlV0JfI8DrI/AAAAAAAAAAo/qgb5fnhMVaAxpmCmHFu3LfRBmG5ycyT1ACLABGAYYCw/s0-d/848741044932666937%253Faccount_id%253D1",
  "imageViews": "0",
  "creationTime": {
    "timestamp": "1515549732",
    "formatted": "Jan 10, 2018, 2:02:12 AM UTC"
  },
  "modificationTime": {
    "timestamp": "1515669881",
    "formatted": "Jan 11, 2018, 11:24:41 AM UTC"
  },
  "geoData": {
    "latitude": 0.0,
    "longitude": 0.0,
    "altitude": 0.0,
    "latitudeSpan": 0.0,
    "longitudeSpan": 0.0
  },
  "geoDataExif": {
    "latitude": 0.0,
    "longitude": 0.0,
    "altitude": 0.0,
    "latitudeSpan": 0.0,
    "longitudeSpan": 0.0
  }
}